sku_id,product_name,product_id,warehouse_id,quantity_on_hand,reorder_point,last_count_date,supplier_code
SKU-12-WH-05,WD 4TB Gaming Drive Works with Playstation 4 Portable External Hard Drive,12,WH-05,917,89,2026-03-29,SUP-E5
SKU-20-WH-04,DANVOUY Womens T Shirt Casual Cotton Short,20,WH-04,636,48,2026-03-27,SUP-D4
SKU-3-WH-04,Mens Cotton Jacket,3,WH-04,701,76,2026-03-29,SUP-B2
SKU-8-WH-03,Pierced Owl Rose Gold Plated Stainless Steel Double,8,WH-03,650,33,2026-03-05,SUP-A1
SKU-4-WH-03,Mens Casual Slim Fit,4,WH-03,44,44,2026-03-28,SUP-C3
SKU-7-WH-01,White Gold Plated Princess,7,WH-01,365,25,2026-03-05,SUP-F6
SKU-11-WH-04,Silicon Power 256GB SSD 3D NAND A55 SLC Cache Performance Boost SATA III 2.5,11,WH-04,695,95,2026-03-27,SUP-E5
SKU-19-WH-01,Opna Women's Short Sleeve Moisture,19,WH-01,448,111,2026-03-04,SUP-E5
SKU-8-WH-03,Pierced Owl Rose Gold Plated Stainless Steel Double,8,WH-03,803,103,2026-03-12,SUP-D4
SKU-7-WH-05,White Gold Plated Princess,7,WH-05,455,75,2026-03-28,SUP-B2
SKU-8-WH-02,Pierced Owl Rose Gold Plated Stainless Steel Double,8,WH-02,970,96,2026-02-28,SUP-E5
SKU-16-WH-02,Lock and Love Women's Removable Hooded Faux Leather Moto Biker Jacket,16,WH-02,934,62,2026-03-07,SUP-A1
SKU-9-WH-04,WD 2TB Elements Portable External Hard Drive - USB 3.0 ,9,WH-04,412,127,2026-03-01,SUP-B2
SKU-9-WH-02,WD 2TB Elements Portable External Hard Drive - USB 3.0 ,9,WH-02,163,34,2026-03-02,SUP-E5
SKU-9-WH-05,WD 2TB Elements Portable External Hard Drive - USB 3.0 ,9,WH-05,483,87,2026-03-23,SUP-C3
SKU-8-WH-01,Pierced Owl Rose Gold Plated Stainless Steel Double,8,WH-01,-375,135,2026-03-12,SUP-E5
SKU-7-WH-02,White Gold Plated Princess,7,WH-02,627,126,2026-03-22,SUP-B2
SKU-2-WH-01,Mens Casual Premium Slim Fit T-Shirts ,2,WH-01,308,150,2026-03-01,SUP-D4
SKU-10-WH-04,SanDisk SSD PLUS 1TB Internal SSD - SATA III 6 Gb/s,10,WH-04,955,14,2026-03-15,SUP-F6
SKU-20-WH-05,DANVOUY Womens T Shirt Casual Cotton Short,20,WH-05,192,10,2026-03-05,SUP-F6
SKU-7-WH-05,White Gold Plated Princess,7,WH-05,433,52,2026-03-25,SUP-C3
SKU-14-WH-04,Samsung 49-Inch CHG90 144Hz Curved Gaming Monitor (LC49HG90DMNXZA) – Super Ultrawide Screen QLED ,14,WH-04,516,148,2026-03-18,SUP-E5
SKU-13-WH-03,Acer SB220Q bi 21.5 inches Full HD (1920 x 1080) IPS Ultra-Thin,13,WH-03,832,110,2026-03-27,SUP-A1
SKU-7-WH-02,White Gold Plated Princess,7,WH-02,310,34,2026-02-28,SUP-D4
SKU-13-WH-05,Acer SB220Q bi 21.5 inches Full HD (1920 x 1080) IPS Ultra-Thin,13,WH-05,-872,26,2026-03-27,SUP-A1
SKU-6-WH-03,Solid Gold Petite Micropave ,6,WH-03,815,12,2026-03-18,SUP-E5
SKU-17-WH-02,Rain Jacket Women Windbreaker Striped Climbing Raincoats,17,WH-02,811,14,2026-03-28,SUP-E5
SKU-17-WH-02,Rain Jacket Women Windbreaker Striped Climbing Raincoats,17,WH-02,150,15,2026-03-23,SUP-B2
SKU-3-WH-04,Mens Cotton Jacket,3,WH-04,962,121,2026-03-11,SUP-D4
SKU-13-WH-01,Acer SB220Q bi 21.5 inches Full HD (1920 x 1080) IPS Ultra-Thin,13,WH-01,125,14,2026-03-03,SUP-D4
SKU-12-WH-01,WD 4TB Gaming Drive Works with Playstation 4 Portable External Hard Drive,12,WH-01,564,140,2026-03-03,SUP-B2
SKU-18-WH-04,MBJ Women's Solid Short Sleeve Boat Neck V ,18,WH-04,551,10,2026-03-13,SUP-E5
SKU-12-WH-03,WD 4TB Gaming Drive Works with Playstation 4 Portable External Hard Drive,12,WH-03,442,90,2026-03-11,SUP-F6
SKU-3-WH-01,Mens Cotton Jacket,3,WH-01,-23,61,2026-03-15,SUP-C3
SKU-18-WH-01,MBJ Women's Solid Short Sleeve Boat Neck V ,18,WH-01,208,45,2026-03-26,SUP-F6
SKU-3-WH-05,Mens Cotton Jacket,3,WH-05,257,123,2026-03-26,SUP-E5
SKU-16-WH-02,Lock and Love Women's Removable Hooded Faux Leather Moto Biker Jacket,16,WH-02,647,29,2026-03-11,SUP-C3
SKU-2-WH-03,Mens Casual Premium Slim Fit T-Shirts ,2,WH-03,379,25,2026-03-22,SUP-E5
SKU-17-WH-02,Rain Jacket Women Windbreaker Striped Climbing Raincoats,17,WH-02,55,22,2026-03-06,SUP-B2
SKU-18-WH-05,MBJ Women's Solid Short Sleeve Boat Neck V ,18,WH-05,251,44,2026-03-09,SUP-E5
SKU-11-WH-01,Silicon Power 256GB SSD 3D NAND A55 SLC Cache Performance Boost SATA III 2.5,11,WH-01,356,97,2026-03-22,SUP-D4
SKU-2-WH-05,Mens Casual Premium Slim Fit T-Shirts ,2,WH-05,198,68,2026-03-22,SUP-C3
SKU-20-WH-03,DANVOUY Womens T Shirt Casual Cotton Short,20,WH-03,49,100,2026-03-01,SUP-B2
SKU-2-WH-04,Mens Casual Premium Slim Fit T-Shirts ,2,WH-04,969,141,2026-03-07,SUP-D4
SKU-19-WH-03,Opna Women's Short Sleeve Moisture,19,WH-03,31,97,2026-03-16,SUP-F6
SKU-2-WH-05,Mens Casual Premium Slim Fit T-Shirts ,2,WH-05,546,15,2026-03-06,SUP-C3
SKU-20-WH-01,DANVOUY Womens T Shirt Casual Cotton Short,20,WH-01,137,26,2026-03-22,SUP-F6
SKU-15-WH-05,BIYLACLESEN Women's 3-in-1 Snowboard Jacket Winter Coats,15,WH-05,692,124,2026-03-06,SUP-E5
SKU-8-WH-05,Pierced Owl Rose Gold Plated Stainless Steel Double,8,WH-05,859,70,2026-03-15,SUP-E5
SKU-2-WH-05,Mens Casual Premium Slim Fit T-Shirts ,2,WH-05,106,32,2026-03-10,SUP-A1
SKU-8-WH-04,Pierced Owl Rose Gold Plated Stainless Steel Double,8,WH-04,-333,112,2026-03-21,SUP-F6
SKU-3-WH-01,Mens Cotton Jacket,3,WH-01,234,59,2026-03-19,SUP-D4
SKU-7-WH-01,White Gold Plated Princess,7,WH-01,256,119,2026-03-06,SUP-C3
SKU-5-WH-01,John Hardy Women's Legends Naga Gold & Silver Dragon Station Chain Bracelet,5,WH-01,11,33,2026-03-24,SUP-C3
SKU-9-WH-03,WD 2TB Elements Portable External Hard Drive - USB 3.0 ,9,WH-03,625,141,2026-03-08,SUP-A1
SKU-13-WH-01,Acer SB220Q bi 21.5 inches Full HD (1920 x 1080) IPS Ultra-Thin,13,WH-01,341,76,2026-03-26,SUP-D4
SKU-4-WH-01,Mens Casual Slim Fit,4,WH-01,784,20,2026-03-16,SUP-F6
SKU-17-WH-05,Rain Jacket Women Windbreaker Striped Climbing Raincoats,17,WH-05,447,66,2026-03-13,SUP-E5
SKU-19-WH-03,Opna Women's Short Sleeve Moisture,19,WH-03,438,88,2026-03-15,SUP-F6
SKU-20-WH-05,DANVOUY Womens T Shirt Casual Cotton Short,20,WH-05,-684,99,2026-03-03,SUP-A1
SKU-19-WH-05,Opna Women's Short Sleeve Moisture,19,WH-05,941,102,2026-03-15,SUP-E5
SKU-12-WH-03,WD 4TB Gaming Drive Works with Playstation 4 Portable External Hard Drive,12,WH-03,274,68,2026-03-06,SUP-B2
SKU-2-WH-04,Mens Casual Premium Slim Fit T-Shirts ,2,WH-04,48,92,2026-03-11,SUP-A1
SKU-6-WH-05,Solid Gold Petite Micropave ,6,WH-05,932,85,2026-03-17,SUP-A1
SKU-18-WH-02,MBJ Women's Solid Short Sleeve Boat Neck V ,18,WH-02,165,147,2026-03-02,SUP-D4
SKU-9-WH-01,WD 2TB Elements Portable External Hard Drive - USB 3.0 ,9,WH-01,789,142,2026-03-16,SUP-E5
SKU-13-WH-05,Acer SB220Q bi 21.5 inches Full HD (1920 x 1080) IPS Ultra-Thin,13,WH-05,437,67,2026-03-17,SUP-F6
SKU-18-WH-02,MBJ Women's Solid Short Sleeve Boat Neck V ,18,WH-02,118,18,2026-03-23,SUP-F6
SKU-4-WH-01,Mens Casual Slim Fit,4,WH-01,684,78,2026-02-27,SUP-E5
SKU-4-WH-04,Mens Casual Slim Fit,4,WH-04,417,64,2026-03-17,SUP-B2
SKU-11-WH-01,Silicon Power 256GB SSD 3D NAND A55 SLC Cache Performance Boost SATA III 2.5,11,WH-01,893,26,2026-03-24,SUP-E5
SKU-8-WH-02,Pierced Owl Rose Gold Plated Stainless Steel Double,8,WH-02,819,104,2026-03-25,SUP-F6
SKU-16-WH-02,Lock and Love Women's Removable Hooded Faux Leather Moto Biker Jacket,16,WH-02,654,127,2026-03-14,SUP-E5
SKU-11-WH-03,Silicon Power 256GB SSD 3D NAND A55 SLC Cache Performance Boost SATA III 2.5,11,WH-03,828,50,2026-02-27,SUP-F6
SKU-19-WH-02,Opna Women's Short Sleeve Moisture,19,WH-02,952,147,2026-03-16,SUP-E5
SKU-5-WH-05,John Hardy Women's Legends Naga Gold & Silver Dragon Station Chain Bracelet,5,WH-05,611,106,2026-03-21,SUP-F6
SKU-1-WH-01,"Fjallraven - Foldsack No. 1 Backpack, Fits 15 Laptops",1,WH-01,-432,129,2026-03-11,SUP-E5
SKU-20-WH-04,DANVOUY Womens T Shirt Casual Cotton Short,20,WH-04,939,91,2026-03-08,SUP-E5
SKU-13-WH-05,Acer SB220Q bi 21.5 inches Full HD (1920 x 1080) IPS Ultra-Thin,13,WH-05,786,105,2026-03-27,SUP-C3
SKU-20-WH-03,DANVOUY Womens T Shirt Casual Cotton Short,20,WH-03,936,113,2026-03-09,SUP-F6
SKU-15-WH-03,BIYLACLESEN Women's 3-in-1 Snowboard Jacket Winter Coats,15,WH-03,545,140,2026-03-02,SUP-C3
SKU-3-WH-03,Mens Cotton Jacket,3,WH-03,355,22,2026-03-21,SUP-A1
SKU-3-WH-03,Mens Cotton Jacket,3,WH-03,95,102,2026-03-15,SUP-B2
SKU-9-WH-01,WD 2TB Elements Portable External Hard Drive - USB 3.0 ,9,WH-01,552,83,2026-03-17,SUP-F6
SKU-8-WH-02,Pierced Owl Rose Gold Plated Stainless Steel Double,8,WH-02,850,95,2026-03-18,SUP-D4
SKU-5-WH-01,John Hardy Women's Legends Naga Gold & Silver Dragon Station Chain Bracelet,5,WH-01,786,18,2026-03-25,SUP-C3
SKU-18-WH-05,MBJ Women's Solid Short Sleeve Boat Neck V ,18,WH-05,524,47,2026-03-19,SUP-A1
SKU-11-WH-04,Silicon Power 256GB SSD 3D NAND A55 SLC Cache Performance Boost SATA III 2.5,11,WH-04,621,53,2026-03-20,SUP-B2
SKU-12-WH-03,WD 4TB Gaming Drive Works with Playstation 4 Portable External Hard Drive,12,WH-03,665,39,2026-03-19,SUP-C3
SKU-15-WH-04,BIYLACLESEN Women's 3-in-1 Snowboard Jacket Winter Coats,15,WH-04,631,35,2026-02-27,SUP-F6
SKU-18-WH-01,MBJ Women's Solid Short Sleeve Boat Neck V ,18,WH-01,268,26,2026-03-11,SUP-E5
SKU-10-WH-04,SanDisk SSD PLUS 1TB Internal SSD - SATA III 6 Gb/s,10,WH-04,440,138,2026-03-15,SUP-E5
SKU-13-WH-05,Acer SB220Q bi 21.5 inches Full HD (1920 x 1080) IPS Ultra-Thin,13,WH-05,288,32,2026-03-13,SUP-B2
SKU-1-WH-04,"Fjallraven - Foldsack No. 1 Backpack, Fits 15 Laptops",1,WH-04,460,27,2026-03-01,SUP-C3
SKU-8-WH-02,Pierced Owl Rose Gold Plated Stainless Steel Double,8,WH-02,743,105,2026-03-21,SUP-F6
SKU-5-WH-05,John Hardy Women's Legends Naga Gold & Silver Dragon Station Chain Bracelet,5,WH-05,258,55,2026-03-29,SUP-C3
SKU-17-WH-04,Rain Jacket Women Windbreaker Striped Climbing Raincoats,17,WH-04,-256,142,2026-03-08,SUP-B2
SKU-3-WH-01,Mens Cotton Jacket,3,WH-01,187,129,2026-03-03,SUP-C3
SKU-17-WH-02,Rain Jacket Women Windbreaker Striped Climbing Raincoats,17,WH-02,140,59,2026-03-20,SUP-A1
SKU-3-WH-01,Mens Cotton Jacket,3,WH-01,556,74,2026-03-05,SUP-F6
SKU-18-WH-04,MBJ Women's Solid Short Sleeve Boat Neck V ,18,WH-04,41,127,2026-03-04,SUP-C3
SKU-17-WH-02,Rain Jacket Women Windbreaker Striped Climbing Raincoats,17,WH-02,957,82,2026-03-01,SUP-C3
SKU-9-WH-05,WD 2TB Elements Portable External Hard Drive - USB 3.0 ,9,WH-05,938,93,2026-03-06,SUP-D4
SKU-13-WH-04,Acer SB220Q bi 21.5 inches Full HD (1920 x 1080) IPS Ultra-Thin,13,WH-04,868,57,2026-03-24,SUP-A1
SKU-9-WH-01,WD 2TB Elements Portable External Hard Drive - USB 3.0 ,9,WH-01,234,39,2026-03-22,SUP-D4
SKU-16-WH-01,Lock and Love Women's Removable Hooded Faux Leather Moto Biker Jacket,16,WH-01,988,106,2026-03-13,SUP-E5
SKU-12-WH-01,WD 4TB Gaming Drive Works with Playstation 4 Portable External Hard Drive,12,WH-01,973,15,2026-03-09,SUP-D4
SKU-3-WH-05,Mens Cotton Jacket,3,WH-05,675,78,2026-03-02,SUP-F6
SKU-6-WH-04,Solid Gold Petite Micropave ,6,WH-04,218,105,2026-03-19,SUP-D4
SKU-13-WH-05,Acer SB220Q bi 21.5 inches Full HD (1920 x 1080) IPS Ultra-Thin,13,WH-05,495,144,2026-03-18,SUP-F6
SKU-1-WH-01,"Fjallraven - Foldsack No. 1 Backpack, Fits 15 Laptops",1,WH-01,490,17,2026-03-28,SUP-F6
SKU-6-WH-01,Solid Gold Petite Micropave ,6,WH-01,207,93,2026-03-17,SUP-F6
SKU-2-WH-05,Mens Casual Premium Slim Fit T-Shirts ,2,WH-05,42,66,2026-03-28,SUP-E5
SKU-6-WH-05,Solid Gold Petite Micropave ,6,WH-05,469,105,2026-02-28,SUP-B2
SKU-7-WH-02,White Gold Plated Princess,7,WH-02,65,21,2026-03-05,SUP-C3
SKU-4-WH-03,Mens Casual Slim Fit,4,WH-03,406,82,2026-03-23,SUP-E5
SKU-4-WH-02,Mens Casual Slim Fit,4,WH-02,760,63,2026-03-25,SUP-D4
SKU-16-WH-02,Lock and Love Women's Removable Hooded Faux Leather Moto Biker Jacket,16,WH-02,952,100,2026-02-28,SUP-B2
SKU-7-WH-05,White Gold Plated Princess,7,WH-05,44,64,2026-03-05,SUP-C3
SKU-9-WH-05,WD 2TB Elements Portable External Hard Drive - USB 3.0 ,9,WH-05,823,71,,SUP-D4
SKU-13-WH-01,Acer SB220Q bi 21.5 inches Full HD (1920 x 1080) IPS Ultra-Thin,13,WH-01,912,138,2026-03-26,SUP-B2
SKU-2-WH-02,Mens Casual Premium Slim Fit T-Shirts ,2,WH-02,295,119,2026-03-07,SUP-A1
SKU-14-WH-02,Samsung 49-Inch CHG90 144Hz Curved Gaming Monitor (LC49HG90DMNXZA) – Super Ultrawide Screen QLED ,14,WH-02,453,13,2026-03-15,SUP-F6
SKU-3-WH-02,Mens Cotton Jacket,3,WH-02,877,90,2026-03-28,SUP-F6
SKU-6-WH-03,Solid Gold Petite Micropave ,6,WH-03,-843,10,2026-03-26,SUP-F6
SKU-16-WH-02,Lock and Love Women's Removable Hooded Faux Leather Moto Biker Jacket,16,WH-02,662,111,2026-03-27,SUP-F6
SKU-13-WH-03,Acer SB220Q bi 21.5 inches Full HD (1920 x 1080) IPS Ultra-Thin,13,WH-03,418,21,2026-03-01,SUP-D4
SKU-13-WH-05,Acer SB220Q bi 21.5 inches Full HD (1920 x 1080) IPS Ultra-Thin,13,WH-05,747,77,2026-03-01,SUP-D4
SKU-6-WH-01,Solid Gold Petite Micropave ,6,WH-01,362,67,2026-03-18,SUP-A1
SKU-9-WH-01,WD 2TB Elements Portable External Hard Drive - USB 3.0 ,9,WH-01,553,65,2026-02-27,SUP-B2
SKU-4-WH-05,Mens Casual Slim Fit,4,WH-05,203,134,2026-03-16,SUP-B2
SKU-11-WH-01,Silicon Power 256GB SSD 3D NAND A55 SLC Cache Performance Boost SATA III 2.5,11,WH-01,666,83,2026-03-12,SUP-F6
SKU-18-WH-01,MBJ Women's Solid Short Sleeve Boat Neck V ,18,WH-01,186,119,2026-03-14,SUP-B2
SKU-19-WH-05,Opna Women's Short Sleeve Moisture,19,WH-05,-883,10,2026-03-19,SUP-D4
SKU-16-WH-04,Lock and Love Women's Removable Hooded Faux Leather Moto Biker Jacket,16,WH-04,703,52,2026-03-21,SUP-A1
SKU-19-WH-05,Opna Women's Short Sleeve Moisture,19,WH-05,819,75,2026-03-28,SUP-A1
SKU-1-WH-02,"Fjallraven - Foldsack No. 1 Backpack, Fits 15 Laptops",1,WH-02,77,105,2026-03-26,SUP-F6
SKU-13-WH-03,Acer SB220Q bi 21.5 inches Full HD (1920 x 1080) IPS Ultra-Thin,13,WH-03,650,58,2026-03-18,SUP-D4
SKU-10-WH-04,SanDisk SSD PLUS 1TB Internal SSD - SATA III 6 Gb/s,10,WH-04,887,127,2026-03-28,SUP-E5
SKU-2-WH-02,Mens Casual Premium Slim Fit T-Shirts ,2,WH-02,722,69,2026-03-09,SUP-A1
SKU-4-WH-04,Mens Casual Slim Fit,4,WH-04,975,141,2026-03-22,SUP-A1
SKU-1-WH-02,"Fjallraven - Foldsack No. 1 Backpack, Fits 15 Laptops",1,WH-02,807,68,2026-03-08,SUP-A1
SKU-3-WH-02,Mens Cotton Jacket,3,WH-02,811,65,2026-03-21,SUP-A1
SKU-4-WH-01,Mens Casual Slim Fit,4,WH-01,572,123,2026-03-26,SUP-C3
SKU-18-WH-05,MBJ Women's Solid Short Sleeve Boat Neck V ,18,WH-05,666,13,2026-03-12,SUP-E5
SKU-20-WH-02,DANVOUY Womens T Shirt Casual Cotton Short,20,WH-02,283,150,2026-03-03,SUP-B2
SKU-17-WH-04,Rain Jacket Women Windbreaker Striped Climbing Raincoats,17,WH-04,751,34,2026-03-29,SUP-A1
SKU-20-WH-05,DANVOUY Womens T Shirt Casual Cotton Short,20,WH-05,326,44,2026-03-17,SUP-D4
SKU-20-WH-04,DANVOUY Womens T Shirt Casual Cotton Short,20,WH-04,478,88,2026-03-12,SUP-E5
SKU-18-WH-04,MBJ Women's Solid Short Sleeve Boat Neck V ,18,WH-04,-936,66,2026-03-15,SUP-D4
SKU-6-WH-05,Solid Gold Petite Micropave ,6,WH-05,316,133,2026-03-17,SUP-B2
SKU-19-WH-05,Opna Women's Short Sleeve Moisture,19,WH-05,948,14,2026-03-24,SUP-F6
SKU-16-WH-04,Lock and Love Women's Removable Hooded Faux Leather Moto Biker Jacket,16,WH-04,709,85,2026-03-01,SUP-A1
SKU-18-WH-01,MBJ Women's Solid Short Sleeve Boat Neck V ,18,WH-01,753,112,2026-03-02,SUP-A1
SKU-8-WH-03,Pierced Owl Rose Gold Plated Stainless Steel Double,8,WH-03,624,34,2026-03-23,SUP-E5
SKU-19-WH-02,Opna Women's Short Sleeve Moisture,19,WH-02,857,77,2026-02-28,SUP-E5
SKU-7-WH-04,White Gold Plated Princess,7,WH-04,690,146,2026-03-12,SUP-A1
SKU-5-WH-03,John Hardy Women's Legends Naga Gold & Silver Dragon Station Chain Bracelet,5,WH-03,343,24,2026-03-13,SUP-B2
SKU-3-WH-05,Mens Cotton Jacket,3,WH-05,541,119,2026-03-18,SUP-F6
SKU-11-WH-02,Silicon Power 256GB SSD 3D NAND A55 SLC Cache Performance Boost SATA III 2.5,11,WH-02,-137,118,2026-03-12,SUP-D4
SKU-20-WH-01,DANVOUY Womens T Shirt Casual Cotton Short,20,WH-01,957,114,2026-03-14,SUP-F6
SKU-19-WH-01,Opna Women's Short Sleeve Moisture,19,WH-01,362,116,2026-03-28,SUP-C3
SKU-13-WH-01,Acer SB220Q bi 21.5 inches Full HD (1920 x 1080) IPS Ultra-Thin,13,WH-01,184,51,2026-03-17,SUP-D4
SKU-9-WH-02,WD 2TB Elements Portable External Hard Drive - USB 3.0 ,9,WH-02,144,89,2026-03-25,SUP-B2
SKU-12-WH-03,WD 4TB Gaming Drive Works with Playstation 4 Portable External Hard Drive,12,WH-03,593,137,2026-03-29,SUP-D4
SKU-13-WH-02,Acer SB220Q bi 21.5 inches Full HD (1920 x 1080) IPS Ultra-Thin,13,WH-02,65,81,2026-03-19,SUP-A1
SKU-12-WH-03,WD 4TB Gaming Drive Works with Playstation 4 Portable External Hard Drive,12,WH-03,964,118,2026-03-07,SUP-A1
SKU-17-WH-01,Rain Jacket Women Windbreaker Striped Climbing Raincoats,17,WH-01,671,36,2026-03-14,SUP-C3
SKU-7-WH-01,White Gold Plated Princess,7,WH-01,671,85,2026-03-13,SUP-D4
SKU-10-WH-02,SanDisk SSD PLUS 1TB Internal SSD - SATA III 6 Gb/s,10,WH-02,96,150,2026-03-06,SUP-E5
SKU-20-WH-05,DANVOUY Womens T Shirt Casual Cotton Short,20,WH-05,930,95,2026-03-11,SUP-B2
SKU-20-WH-02,DANVOUY Womens T Shirt Casual Cotton Short,20,WH-02,452,38,2026-03-06,SUP-E5
SKU-7-WH-03,White Gold Plated Princess,7,WH-03,674,144,2026-03-25,SUP-E5
SKU-1-WH-01,"Fjallraven - Foldsack No. 1 Backpack, Fits 15 Laptops",1,WH-01,444,48,2026-03-08,SUP-C3
SKU-7-WH-01,White Gold Plated Princess,7,WH-01,559,53,2026-03-27,SUP-E5
SKU-3-WH-04,Mens Cotton Jacket,3,WH-04,490,138,2026-03-08,SUP-C3
SKU-5-WH-02,John Hardy Women's Legends Naga Gold & Silver Dragon Station Chain Bracelet,5,WH-02,664,133,2026-03-08,SUP-E5
SKU-10-WH-05,SanDisk SSD PLUS 1TB Internal SSD - SATA III 6 Gb/s,10,WH-05,84,62,2026-03-10,SUP-E5
SKU-6-WH-01,Solid Gold Petite Micropave ,6,WH-01,913,89,2026-03-21,SUP-F6
SKU-3-WH-03,Mens Cotton Jacket,3,WH-03,941,133,2026-03-10,SUP-E5
SKU-11-WH-02,Silicon Power 256GB SSD 3D NAND A55 SLC Cache Performance Boost SATA III 2.5,11,WH-02,32,48,2026-03-04,SUP-F6
SKU-9-WH-01,WD 2TB Elements Portable External Hard Drive - USB 3.0 ,9,WH-01,1000,124,2026-03-08,SUP-F6
SKU-8-WH-03,Pierced Owl Rose Gold Plated Stainless Steel Double,8,WH-03,-812,147,2026-03-03,SUP-D4
SKU-3-WH-02,Mens Cotton Jacket,3,WH-02,108,128,2026-03-15,SUP-C3
SKU-8-WH-05,Pierced Owl Rose Gold Plated Stainless Steel Double,8,WH-05,998,10,,SUP-A1
SKU-16-WH-05,Lock and Love Women's Removable Hooded Faux Leather Moto Biker Jacket,16,WH-05,447,16,2026-03-06,SUP-B2
SKU-12-WH-01,WD 4TB Gaming Drive Works with Playstation 4 Portable External Hard Drive,12,WH-01,549,42,2026-03-22,SUP-F6
SKU-20-WH-04,DANVOUY Womens T Shirt Casual Cotton Short,20,WH-04,701,62,2026-03-09,SUP-D4
SKU-2-WH-03,Mens Casual Premium Slim Fit T-Shirts ,2,WH-03,753,17,2026-03-20,SUP-E5
SKU-12-WH-05,WD 4TB Gaming Drive Works with Playstation 4 Portable External Hard Drive,12,WH-05,606,91,2026-03-28,SUP-A1
SKU-1-WH-01,"Fjallraven - Foldsack No. 1 Backpack, Fits 15 Laptops",1,WH-01,483,59,2026-03-24,SUP-A1
SKU-14-WH-01,Samsung 49-Inch CHG90 144Hz Curved Gaming Monitor (LC49HG90DMNXZA) – Super Ultrawide Screen QLED ,14,WH-01,748,126,2026-02-28,SUP-B2
SKU-10-WH-05,SanDisk SSD PLUS 1TB Internal SSD - SATA III 6 Gb/s,10,WH-05,868,59,2026-03-03,SUP-A1
SKU-11-WH-02,Silicon Power 256GB SSD 3D NAND A55 SLC Cache Performance Boost SATA III 2.5,11,WH-02,415,70,2026-03-27,SUP-D4
SKU-4-WH-04,Mens Casual Slim Fit,4,WH-04,140,47,2026-03-02,SUP-A1
SKU-2-WH-04,Mens Casual Premium Slim Fit T-Shirts ,2,WH-04,504,21,2026-03-05,SUP-E5
SKU-1-WH-03,"Fjallraven - Foldsack No. 1 Backpack, Fits 15 Laptops",1,WH-03,712,114,2026-03-10,SUP-A1
SKU-7-WH-01,White Gold Plated Princess,7,WH-01,431,137,2026-03-04,SUP-A1
SKU-18-WH-04,MBJ Women's Solid Short Sleeve Boat Neck V ,18,WH-04,364,133,2026-03-03,SUP-E5
SKU-7-WH-04,White Gold Plated Princess,7,WH-04,791,115,2026-03-24,SUP-B2
SKU-10-WH-02,SanDisk SSD PLUS 1TB Internal SSD - SATA III 6 Gb/s,10,WH-02,982,32,2026-03-22,SUP-A1
SKU-20-WH-01,DANVOUY Womens T Shirt Casual Cotton Short,20,WH-01,329,53,2026-02-27,SUP-F6
SKU-6-WH-05,Solid Gold Petite Micropave ,6,WH-05,557,93,2026-02-28,SUP-D4
SKU-17-WH-04,Rain Jacket Women Windbreaker Striped Climbing Raincoats,17,WH-04,574,38,2026-03-09,SUP-B2
SKU-12-WH-02,WD 4TB Gaming Drive Works with Playstation 4 Portable External Hard Drive,12,WH-02,739,113,2026-03-11,SUP-F6
SKU-6-WH-05,Solid Gold Petite Micropave ,6,WH-05,694,105,2026-03-19,SUP-F6
SKU-12-WH-01,WD 4TB Gaming Drive Works with Playstation 4 Portable External Hard Drive,12,WH-01,2,81,2026-03-17,SUP-F6
SKU-1-WH-01,"Fjallraven - Foldsack No. 1 Backpack, Fits 15 Laptops",1,WH-01,49,79,2026-03-09,SUP-A1
SKU-7-WH-04,White Gold Plated Princess,7,WH-04,997,107,2026-03-02,SUP-E5
SKU-10-WH-03,SanDisk SSD PLUS 1TB Internal SSD - SATA III 6 Gb/s,10,WH-03,162,125,2026-03-23,SUP-C3
SKU-17-WH-03,Rain Jacket Women Windbreaker Striped Climbing Raincoats,17,WH-03,19,80,2026-03-14,SUP-F6
SKU-2-WH-02,Mens Casual Premium Slim Fit T-Shirts ,2,WH-02,764,136,2026-03-09,SUP-E5
SKU-5-WH-02,John Hardy Women's Legends Naga Gold & Silver Dragon Station Chain Bracelet,5,WH-02,309,101,2026-03-25,SUP-D4
SKU-12-WH-02,WD 4TB Gaming Drive Works with Playstation 4 Portable External Hard Drive,12,WH-02,399,140,2026-03-29,SUP-E5
SKU-18-WH-02,MBJ Women's Solid Short Sleeve Boat Neck V ,18,WH-02,902,51,2026-02-28,SUP-C3
SKU-3-WH-04,Mens Cotton Jacket,3,WH-04,1000,145,2026-03-06,SUP-D4
SKU-3-WH-03,Mens Cotton Jacket,3,WH-03,963,88,2026-03-21,SUP-F6
SKU-10-WH-02,SanDisk SSD PLUS 1TB Internal SSD - SATA III 6 Gb/s,10,WH-02,588,74,2026-03-13,SUP-E5
SKU-3-WH-01,Mens Cotton Jacket,3,WH-01,382,95,2026-03-24,SUP-E5
SKU-2-WH-01,Mens Casual Premium Slim Fit T-Shirts ,2,WH-01,893,73,2026-03-26,SUP-C3
SKU-20-WH-03,DANVOUY Womens T Shirt Casual Cotton Short,20,WH-03,-903,116,2026-03-06,SUP-E5
SKU-5-WH-01,John Hardy Women's Legends Naga Gold & Silver Dragon Station Chain Bracelet,5,WH-01,500,11,2026-03-14,SUP-B2
SKU-15-WH-02,BIYLACLESEN Women's 3-in-1 Snowboard Jacket Winter Coats,15,WH-02,613,125,2026-03-26,SUP-E5
SKU-7-WH-02,White Gold Plated Princess,7,WH-02,197,128,2026-03-26,SUP-B2
SKU-9-WH-03,WD 2TB Elements Portable External Hard Drive - USB 3.0 ,9,WH-03,538,143,2026-03-20,SUP-E5
SKU-11-WH-02,Silicon Power 256GB SSD 3D NAND A55 SLC Cache Performance Boost SATA III 2.5,11,WH-02,47,15,2026-03-03,SUP-B2
SKU-5-WH-05,John Hardy Women's Legends Naga Gold & Silver Dragon Station Chain Bracelet,5,WH-05,633,145,2026-03-29,SUP-F6
SKU-14-WH-03,Samsung 49-Inch CHG90 144Hz Curved Gaming Monitor (LC49HG90DMNXZA) – Super Ultrawide Screen QLED ,14,WH-03,221,49,2026-03-14,SUP-F6
SKU-15-WH-02,BIYLACLESEN Women's 3-in-1 Snowboard Jacket Winter Coats,15,WH-02,312,71,2026-03-14,SUP-B2
SKU-14-WH-03,Samsung 49-Inch CHG90 144Hz Curved Gaming Monitor (LC49HG90DMNXZA) – Super Ultrawide Screen QLED ,14,WH-03,172,143,2026-03-08,SUP-C3
SKU-2-WH-04,Mens Casual Premium Slim Fit T-Shirts ,2,WH-04,822,21,2026-03-03,SUP-C3
SKU-18-WH-04,MBJ Women's Solid Short Sleeve Boat Neck V ,18,WH-04,451,58,2026-03-22,SUP-E5
SKU-8-WH-02,Pierced Owl Rose Gold Plated Stainless Steel Double,8,WH-02,636,30,2026-03-29,SUP-F6
SKU-17-WH-04,Rain Jacket Women Windbreaker Striped Climbing Raincoats,17,WH-04,-945,35,,SUP-C3
SKU-7-WH-01,White Gold Plated Princess,7,WH-01,776,129,2026-03-18,SUP-C3
SKU-3-WH-01,Mens Cotton Jacket,3,WH-01,48,70,2026-03-04,SUP-C3
SKU-11-WH-05,Silicon Power 256GB SSD 3D NAND A55 SLC Cache Performance Boost SATA III 2.5,11,WH-05,139,136,2026-03-01,SUP-A1
SKU-18-WH-05,MBJ Women's Solid Short Sleeve Boat Neck V ,18,WH-05,230,23,2026-03-28,SUP-F6
SKU-14-WH-05,Samsung 49-Inch CHG90 144Hz Curved Gaming Monitor (LC49HG90DMNXZA) – Super Ultrawide Screen QLED ,14,WH-05,174,35,2026-03-04,SUP-D4
SKU-12-WH-01,WD 4TB Gaming Drive Works with Playstation 4 Portable External Hard Drive,12,WH-01,878,72,2026-03-28,SUP-D4
SKU-9-WH-02,WD 2TB Elements Portable External Hard Drive - USB 3.0 ,9,WH-02,706,125,2026-03-17,SUP-C3
SKU-13-WH-02,Acer SB220Q bi 21.5 inches Full HD (1920 x 1080) IPS Ultra-Thin,13,WH-02,26,84,2026-03-29,SUP-A1
SKU-2-WH-01,Mens Casual Premium Slim Fit T-Shirts ,2,WH-01,365,133,2026-03-28,SUP-A1
SKU-6-WH-02,Solid Gold Petite Micropave ,6,WH-02,130,141,2026-03-21,SUP-D4
SKU-1-WH-01,"Fjallraven - Foldsack No. 1 Backpack, Fits 15 Laptops",1,WH-01,733,26,2026-03-03,SUP-E5
SKU-15-WH-05,BIYLACLESEN Women's 3-in-1 Snowboard Jacket Winter Coats,15,WH-05,193,90,2026-03-20,SUP-C3
SKU-6-WH-01,Solid Gold Petite Micropave ,6,WH-01,146,88,2026-02-28,SUP-E5
SKU-18-WH-02,MBJ Women's Solid Short Sleeve Boat Neck V ,18,WH-02,470,53,2026-03-14,SUP-A1
SKU-8-WH-03,Pierced Owl Rose Gold Plated Stainless Steel Double,8,WH-03,101,19,2026-03-07,SUP-B2
SKU-4-WH-03,Mens Casual Slim Fit,4,WH-03,717,51,2026-03-21,SUP-E5
SKU-1-WH-02,"Fjallraven - Foldsack No. 1 Backpack, Fits 15 Laptops",1,WH-02,868,27,2026-03-19,SUP-F6
SKU-7-WH-05,White Gold Plated Princess,7,WH-05,179,36,2026-03-19,SUP-F6
SKU-8-WH-02,Pierced Owl Rose Gold Plated Stainless Steel Double,8,WH-02,863,66,2026-03-15,SUP-E5
SKU-5-WH-05,John Hardy Women's Legends Naga Gold & Silver Dragon Station Chain Bracelet,5,WH-05,464,82,2026-03-28,SUP-F6
SKU-2-WH-05,Mens Casual Premium Slim Fit T-Shirts ,2,WH-05,526,139,2026-03-05,SUP-B2
SKU-2-WH-01,Mens Casual Premium Slim Fit T-Shirts ,2,WH-01,626,16,2026-03-29,SUP-B2
SKU-11-WH-02,Silicon Power 256GB SSD 3D NAND A55 SLC Cache Performance Boost SATA III 2.5,11,WH-02,54,101,2026-03-18,SUP-B2
SKU-9-WH-04,WD 2TB Elements Portable External Hard Drive - USB 3.0 ,9,WH-04,83,39,2026-03-17,SUP-B2
SKU-10-WH-02,SanDisk SSD PLUS 1TB Internal SSD - SATA III 6 Gb/s,10,WH-02,151,113,2026-03-17,SUP-A1
SKU-17-WH-05,Rain Jacket Women Windbreaker Striped Climbing Raincoats,17,WH-05,388,105,2026-03-06,SUP-D4
SKU-15-WH-05,BIYLACLESEN Women's 3-in-1 Snowboard Jacket Winter Coats,15,WH-05,460,13,2026-03-15,SUP-A1
SKU-4-WH-03,Mens Casual Slim Fit,4,WH-03,569,67,2026-03-19,SUP-B2
SKU-3-WH-05,Mens Cotton Jacket,3,WH-05,-428,53,2026-03-13,SUP-D4
SKU-1-WH-05,"Fjallraven - Foldsack No. 1 Backpack, Fits 15 Laptops",1,WH-05,301,62,2026-03-20,SUP-C3
SKU-12-WH-05,WD 4TB Gaming Drive Works with Playstation 4 Portable External Hard Drive,12,WH-05,77,40,2026-03-23,SUP-E5
SKU-18-WH-03,MBJ Women's Solid Short Sleeve Boat Neck V ,18,WH-03,912,110,2026-03-08,SUP-E5
SKU-13-WH-02,Acer SB220Q bi 21.5 inches Full HD (1920 x 1080) IPS Ultra-Thin,13,WH-02,912,67,2026-02-27,SUP-B2
SKU-1-WH-03,"Fjallraven - Foldsack No. 1 Backpack, Fits 15 Laptops",1,WH-03,404,19,2026-02-27,SUP-D4
SKU-18-WH-05,MBJ Women's Solid Short Sleeve Boat Neck V ,18,WH-05,932,113,2026-03-14,SUP-C3
SKU-11-WH-03,Silicon Power 256GB SSD 3D NAND A55 SLC Cache Performance Boost SATA III 2.5,11,WH-03,617,19,2026-03-23,SUP-D4
SKU-15-WH-04,BIYLACLESEN Women's 3-in-1 Snowboard Jacket Winter Coats,15,WH-04,947,39,2026-03-01,SUP-A1
SKU-10-WH-04,SanDisk SSD PLUS 1TB Internal SSD - SATA III 6 Gb/s,10,WH-04,29,99,2026-03-14,SUP-A1
SKU-14-WH-02,Samsung 49-Inch CHG90 144Hz Curved Gaming Monitor (LC49HG90DMNXZA) – Super Ultrawide Screen QLED ,14,WH-02,761,48,2026-03-26,SUP-D4
SKU-1-WH-05,"Fjallraven - Foldsack No. 1 Backpack, Fits 15 Laptops",1,WH-05,244,121,2026-03-22,SUP-D4
SKU-20-WH-01,DANVOUY Womens T Shirt Casual Cotton Short,20,WH-01,206,101,2026-03-25,SUP-F6
SKU-5-WH-03,John Hardy Women's Legends Naga Gold & Silver Dragon Station Chain Bracelet,5,WH-03,289,67,2026-03-03,SUP-C3
SKU-10-WH-05,SanDisk SSD PLUS 1TB Internal SSD - SATA III 6 Gb/s,10,WH-05,499,76,2026-03-09,SUP-A1
SKU-4-WH-02,Mens Casual Slim Fit,4,WH-02,151,56,2026-03-11,SUP-B2
SKU-6-WH-01,Solid Gold Petite Micropave ,6,WH-01,240,109,2026-03-12,SUP-A1
SKU-19-WH-04,Opna Women's Short Sleeve Moisture,19,WH-04,853,48,2026-03-08,SUP-B2
SKU-4-WH-02,Mens Casual Slim Fit,4,WH-02,101,39,2026-03-01,SUP-B2
SKU-13-WH-03,Acer SB220Q bi 21.5 inches Full HD (1920 x 1080) IPS Ultra-Thin,13,WH-03,971,42,2026-03-24,SUP-E5
SKU-11-WH-03,Silicon Power 256GB SSD 3D NAND A55 SLC Cache Performance Boost SATA III 2.5,11,WH-03,690,124,2026-03-19,SUP-D4
SKU-11-WH-04,Silicon Power 256GB SSD 3D NAND A55 SLC Cache Performance Boost SATA III 2.5,11,WH-04,172,14,2026-03-08,SUP-A1
SKU-5-WH-02,John Hardy Women's Legends Naga Gold & Silver Dragon Station Chain Bracelet,5,WH-02,592,112,2026-03-15,SUP-F6
SKU-14-WH-04,Samsung 49-Inch CHG90 144Hz Curved Gaming Monitor (LC49HG90DMNXZA) – Super Ultrawide Screen QLED ,14,WH-04,319,56,2026-03-23,SUP-D4
SKU-2-WH-03,Mens Casual Premium Slim Fit T-Shirts ,2,WH-03,147,42,2026-03-03,SUP-D4
SKU-6-WH-04,Solid Gold Petite Micropave ,6,WH-04,443,25,2026-03-15,SUP-B2
SKU-13-WH-01,Acer SB220Q bi 21.5 inches Full HD (1920 x 1080) IPS Ultra-Thin,13,WH-01,853,28,,SUP-B2
SKU-13-WH-01,Acer SB220Q bi 21.5 inches Full HD (1920 x 1080) IPS Ultra-Thin,13,WH-01,197,76,2026-03-28,SUP-D4
SKU-7-WH-02,White Gold Plated Princess,7,WH-02,136,126,2026-03-23,SUP-C3
SKU-9-WH-01,WD 2TB Elements Portable External Hard Drive - USB 3.0 ,9,WH-01,940,17,2026-03-21,SUP-B2
SKU-8-WH-04,Pierced Owl Rose Gold Plated Stainless Steel Double,8,WH-04,304,145,,SUP-E5
SKU-9-WH-05,WD 2TB Elements Portable External Hard Drive - USB 3.0 ,9,WH-05,838,106,2026-03-24,SUP-F6
SKU-18-WH-02,MBJ Women's Solid Short Sleeve Boat Neck V ,18,WH-02,502,100,2026-03-21,SUP-B2
SKU-4-WH-05,Mens Casual Slim Fit,4,WH-05,93,140,2026-03-13,SUP-E5
SKU-18-WH-05,MBJ Women's Solid Short Sleeve Boat Neck V ,18,WH-05,476,30,2026-03-24,SUP-A1
SKU-4-WH-05,Mens Casual Slim Fit,4,WH-05,625,23,2026-03-28,SUP-C3
SKU-18-WH-04,MBJ Women's Solid Short Sleeve Boat Neck V ,18,WH-04,119,80,2026-03-20,SUP-F6
SKU-1-WH-03,"Fjallraven - Foldsack No. 1 Backpack, Fits 15 Laptops",1,WH-03,388,101,2026-03-02,SUP-E5
SKU-20-WH-03,DANVOUY Womens T Shirt Casual Cotton Short,20,WH-03,166,130,2026-03-03,SUP-D4
SKU-12-WH-04,WD 4TB Gaming Drive Works with Playstation 4 Portable External Hard Drive,12,WH-04,390,100,2026-03-29,SUP-D4
SKU-10-WH-01,SanDisk SSD PLUS 1TB Internal SSD - SATA III 6 Gb/s,10,WH-01,870,71,2026-03-25,SUP-D4
SKU-14-WH-01,Samsung 49-Inch CHG90 144Hz Curved Gaming Monitor (LC49HG90DMNXZA) – Super Ultrawide Screen QLED ,14,WH-01,589,110,2026-03-07,SUP-C3
SKU-2-WH-03,Mens Casual Premium Slim Fit T-Shirts ,2,WH-03,767,81,2026-03-14,SUP-E5
SKU-5-WH-03,John Hardy Women's Legends Naga Gold & Silver Dragon Station Chain Bracelet,5,WH-03,0,125,2026-03-09,SUP-E5
SKU-5-WH-04,John Hardy Women's Legends Naga Gold & Silver Dragon Station Chain Bracelet,5,WH-04,23,54,2026-03-03,SUP-B2
SKU-7-WH-05,White Gold Plated Princess,7,WH-05,407,57,2026-03-22,SUP-D4
SKU-15-WH-05,BIYLACLESEN Women's 3-in-1 Snowboard Jacket Winter Coats,15,WH-05,690,127,2026-03-28,SUP-F6
SKU-13-WH-04,Acer SB220Q bi 21.5 inches Full HD (1920 x 1080) IPS Ultra-Thin,13,WH-04,778,135,2026-03-23,SUP-A1
SKU-19-WH-04,Opna Women's Short Sleeve Moisture,19,WH-04,132,53,2026-03-19,SUP-F6
SKU-5-WH-03,John Hardy Women's Legends Naga Gold & Silver Dragon Station Chain Bracelet,5,WH-03,634,29,2026-03-07,SUP-F6
SKU-4-WH-04,Mens Casual Slim Fit,4,WH-04,60,51,2026-03-12,SUP-F6
SKU-10-WH-02,SanDisk SSD PLUS 1TB Internal SSD - SATA III 6 Gb/s,10,WH-02,693,143,2026-03-10,SUP-F6
SKU-5-WH-01,John Hardy Women's Legends Naga Gold & Silver Dragon Station Chain Bracelet,5,WH-01,926,53,2026-03-14,SUP-E5
SKU-10-WH-04,SanDisk SSD PLUS 1TB Internal SSD - SATA III 6 Gb/s,10,WH-04,480,14,2026-03-14,SUP-C3
SKU-4-WH-04,Mens Casual Slim Fit,4,WH-04,83,58,2026-03-03,SUP-A1
SKU-2-WH-04,Mens Casual Premium Slim Fit T-Shirts ,2,WH-04,801,83,2026-03-24,SUP-F6
SKU-10-WH-02,SanDisk SSD PLUS 1TB Internal SSD - SATA III 6 Gb/s,10,WH-02,957,30,2026-03-18,SUP-B2
SKU-14-WH-03,Samsung 49-Inch CHG90 144Hz Curved Gaming Monitor (LC49HG90DMNXZA) – Super Ultrawide Screen QLED ,14,WH-03,137,127,2026-03-14,SUP-E5
SKU-9-WH-05,WD 2TB Elements Portable External Hard Drive - USB 3.0 ,9,WH-05,248,74,2026-03-05,SUP-C3
SKU-20-WH-05,DANVOUY Womens T Shirt Casual Cotton Short,20,WH-05,172,63,2026-03-11,SUP-A1
SKU-1-WH-01,"Fjallraven - Foldsack No. 1 Backpack, Fits 15 Laptops",1,WH-01,561,79,2026-02-28,SUP-B2
SKU-10-WH-01,SanDisk SSD PLUS 1TB Internal SSD - SATA III 6 Gb/s,10,WH-01,585,88,2026-03-22,SUP-C3
SKU-5-WH-01,John Hardy Women's Legends Naga Gold & Silver Dragon Station Chain Bracelet,5,WH-01,280,135,2026-03-18,SUP-D4
SKU-18-WH-03,MBJ Women's Solid Short Sleeve Boat Neck V ,18,WH-03,842,141,2026-03-08,SUP-F6
SKU-18-WH-05,MBJ Women's Solid Short Sleeve Boat Neck V ,18,WH-05,923,47,2026-03-06,SUP-E5
SKU-14-WH-03,Samsung 49-Inch CHG90 144Hz Curved Gaming Monitor (LC49HG90DMNXZA) – Super Ultrawide Screen QLED ,14,WH-03,163,89,2026-02-27,SUP-D4
SKU-19-WH-01,Opna Women's Short Sleeve Moisture,19,WH-01,59,55,2026-02-27,SUP-C3
SKU-20-WH-04,DANVOUY Womens T Shirt Casual Cotton Short,20,WH-04,274,92,2026-03-12,SUP-D4
SKU-2-WH-05,Mens Casual Premium Slim Fit T-Shirts ,2,WH-05,375,85,2026-03-13,SUP-C3
SKU-12-WH-04,WD 4TB Gaming Drive Works with Playstation 4 Portable External Hard Drive,12,WH-04,404,78,2026-03-02,SUP-F6
SKU-6-WH-02,Solid Gold Petite Micropave ,6,WH-02,766,84,2026-03-15,SUP-B2
SKU-15-WH-02,BIYLACLESEN Women's 3-in-1 Snowboard Jacket Winter Coats,15,WH-02,96,75,,SUP-C3
SKU-6-WH-05,Solid Gold Petite Micropave ,6,WH-05,891,87,2026-03-02,SUP-E5
SKU-1-WH-01,"Fjallraven - Foldsack No. 1 Backpack, Fits 15 Laptops",1,WH-01,427,93,2026-03-23,SUP-D4
SKU-14-WH-04,Samsung 49-Inch CHG90 144Hz Curved Gaming Monitor (LC49HG90DMNXZA) – Super Ultrawide Screen QLED ,14,WH-04,677,78,2026-03-25,SUP-F6
SKU-6-WH-01,Solid Gold Petite Micropave ,6,WH-01,782,62,2026-03-05,SUP-D4
SKU-7-WH-01,White Gold Plated Princess,7,WH-01,332,37,2026-03-07,SUP-E5
SKU-11-WH-03,Silicon Power 256GB SSD 3D NAND A55 SLC Cache Performance Boost SATA III 2.5,11,WH-03,42,40,2026-03-21,SUP-D4
SKU-20-WH-01,DANVOUY Womens T Shirt Casual Cotton Short,20,WH-01,322,145,2026-03-24,SUP-E5
SKU-1-WH-03,"Fjallraven - Foldsack No. 1 Backpack, Fits 15 Laptops",1,WH-03,772,89,2026-03-29,SUP-B2
SKU-19-WH-01,Opna Women's Short Sleeve Moisture,19,WH-01,614,92,2026-03-22,SUP-C3
SKU-12-WH-04,WD 4TB Gaming Drive Works with Playstation 4 Portable External Hard Drive,12,WH-04,521,71,2026-03-21,SUP-B2
SKU-12-WH-03,WD 4TB Gaming Drive Works with Playstation 4 Portable External Hard Drive,12,WH-03,811,24,2026-03-12,SUP-D4
SKU-18-WH-05,MBJ Women's Solid Short Sleeve Boat Neck V ,18,WH-05,87,94,2026-03-26,SUP-B2
SKU-3-WH-05,Mens Cotton Jacket,3,WH-05,-850,128,2026-03-08,SUP-A1
SKU-10-WH-04,SanDisk SSD PLUS 1TB Internal SSD - SATA III 6 Gb/s,10,WH-04,781,25,2026-02-28,SUP-C3
SKU-2-WH-02,Mens Casual Premium Slim Fit T-Shirts ,2,WH-02,935,41,2026-03-04,SUP-D4
SKU-11-WH-02,Silicon Power 256GB SSD 3D NAND A55 SLC Cache Performance Boost SATA III 2.5,11,WH-02,-75,97,2026-03-11,SUP-C3
SKU-20-WH-04,DANVOUY Womens T Shirt Casual Cotton Short,20,WH-04,603,20,2026-03-19,SUP-D4
SKU-15-WH-04,BIYLACLESEN Women's 3-in-1 Snowboard Jacket Winter Coats,15,WH-04,560,126,,SUP-D4
SKU-13-WH-05,Acer SB220Q bi 21.5 inches Full HD (1920 x 1080) IPS Ultra-Thin,13,WH-05,691,53,2026-03-15,SUP-C3
SKU-5-WH-05,John Hardy Women's Legends Naga Gold & Silver Dragon Station Chain Bracelet,5,WH-05,139,118,2026-03-11,SUP-F6
SKU-19-WH-02,Opna Women's Short Sleeve Moisture,19,WH-02,746,48,2026-03-27,SUP-E5
SKU-5-WH-02,John Hardy Women's Legends Naga Gold & Silver Dragon Station Chain Bracelet,5,WH-02,786,64,2026-03-20,SUP-E5
SKU-11-WH-02,Silicon Power 256GB SSD 3D NAND A55 SLC Cache Performance Boost SATA III 2.5,11,WH-02,533,71,2026-03-28,SUP-B2
SKU-5-WH-04,John Hardy Women's Legends Naga Gold & Silver Dragon Station Chain Bracelet,5,WH-04,144,75,2026-02-27,SUP-E5
SKU-10-WH-04,SanDisk SSD PLUS 1TB Internal SSD - SATA III 6 Gb/s,10,WH-04,844,118,2026-03-25,SUP-C3
SKU-7-WH-01,White Gold Plated Princess,7,WH-01,670,149,,SUP-B2
SKU-1-WH-04,"Fjallraven - Foldsack No. 1 Backpack, Fits 15 Laptops",1,WH-04,141,12,2026-03-18,SUP-F6
SKU-6-WH-04,Solid Gold Petite Micropave ,6,WH-04,41,11,2026-03-24,SUP-D4
SKU-12-WH-03,WD 4TB Gaming Drive Works with Playstation 4 Portable External Hard Drive,12,WH-03,-232,144,2026-03-10,SUP-A1
SKU-9-WH-04,WD 2TB Elements Portable External Hard Drive - USB 3.0 ,9,WH-04,653,117,2026-03-10,SUP-E5
SKU-4-WH-01,Mens Casual Slim Fit,4,WH-01,352,139,2026-03-15,SUP-D4
SKU-8-WH-01,Pierced Owl Rose Gold Plated Stainless Steel Double,8,WH-01,-719,34,2026-03-12,SUP-B2
SKU-8-WH-03,Pierced Owl Rose Gold Plated Stainless Steel Double,8,WH-03,655,119,2026-03-12,SUP-E5
SKU-20-WH-04,DANVOUY Womens T Shirt Casual Cotton Short,20,WH-04,572,12,2026-03-26,SUP-F6
SKU-18-WH-05,MBJ Women's Solid Short Sleeve Boat Neck V ,18,WH-05,256,17,2026-03-26,SUP-A1
SKU-18-WH-02,MBJ Women's Solid Short Sleeve Boat Neck V ,18,WH-02,482,25,,SUP-F6
SKU-6-WH-01,Solid Gold Petite Micropave ,6,WH-01,49,131,2026-03-16,SUP-F6
SKU-3-WH-01,Mens Cotton Jacket,3,WH-01,25,45,2026-03-04,SUP-C3
SKU-13-WH-03,Acer SB220Q bi 21.5 inches Full HD (1920 x 1080) IPS Ultra-Thin,13,WH-03,632,19,2026-03-03,SUP-F6
SKU-18-WH-02,MBJ Women's Solid Short Sleeve Boat Neck V ,18,WH-02,-281,124,2026-03-24,SUP-C3
SKU-16-WH-01,Lock and Love Women's Removable Hooded Faux Leather Moto Biker Jacket,16,WH-01,603,17,2026-03-09,SUP-D4
SKU-9-WH-03,WD 2TB Elements Portable External Hard Drive - USB 3.0 ,9,WH-03,582,35,2026-03-13,SUP-C3
SKU-6-WH-02,Solid Gold Petite Micropave ,6,WH-02,416,131,2026-03-05,SUP-E5
SKU-5-WH-02,John Hardy Women's Legends Naga Gold & Silver Dragon Station Chain Bracelet,5,WH-02,627,111,2026-03-24,SUP-F6
SKU-4-WH-05,Mens Casual Slim Fit,4,WH-05,940,97,2026-03-25,SUP-B2
SKU-2-WH-04,Mens Casual Premium Slim Fit T-Shirts ,2,WH-04,710,115,2026-03-02,SUP-F6
SKU-15-WH-05,BIYLACLESEN Women's 3-in-1 Snowboard Jacket Winter Coats,15,WH-05,790,63,2026-03-26,SUP-A1
SKU-6-WH-04,Solid Gold Petite Micropave ,6,WH-04,65,133,2026-03-05,SUP-C3
SKU-12-WH-04,WD 4TB Gaming Drive Works with Playstation 4 Portable External Hard Drive,12,WH-04,492,67,2026-03-18,SUP-C3
SKU-14-WH-02,Samsung 49-Inch CHG90 144Hz Curved Gaming Monitor (LC49HG90DMNXZA) – Super Ultrawide Screen QLED ,14,WH-02,528,107,2026-03-16,SUP-F6
SKU-14-WH-02,Samsung 49-Inch CHG90 144Hz Curved Gaming Monitor (LC49HG90DMNXZA) – Super Ultrawide Screen QLED ,14,WH-02,556,87,2026-03-17,SUP-E5
SKU-15-WH-01,BIYLACLESEN Women's 3-in-1 Snowboard Jacket Winter Coats,15,WH-01,850,140,2026-03-06,SUP-C3
SKU-11-WH-05,Silicon Power 256GB SSD 3D NAND A55 SLC Cache Performance Boost SATA III 2.5,11,WH-05,109,97,2026-03-10,SUP-C3
SKU-17-WH-02,Rain Jacket Women Windbreaker Striped Climbing Raincoats,17,WH-02,86,26,2026-03-24,SUP-B2
SKU-19-WH-05,Opna Women's Short Sleeve Moisture,19,WH-05,645,22,2026-03-03,SUP-D4
SKU-14-WH-01,Samsung 49-Inch CHG90 144Hz Curved Gaming Monitor (LC49HG90DMNXZA) – Super Ultrawide Screen QLED ,14,WH-01,641,140,2026-03-01,SUP-F6
SKU-16-WH-04,Lock and Love Women's Removable Hooded Faux Leather Moto Biker Jacket,16,WH-04,-634,55,2026-03-29,SUP-D4
SKU-17-WH-04,Rain Jacket Women Windbreaker Striped Climbing Raincoats,17,WH-04,531,112,2026-03-29,SUP-C3
SKU-6-WH-05,Solid Gold Petite Micropave ,6,WH-05,857,90,2026-02-28,SUP-B2
SKU-8-WH-03,Pierced Owl Rose Gold Plated Stainless Steel Double,8,WH-03,9,124,2026-03-03,SUP-F6
SKU-18-WH-03,MBJ Women's Solid Short Sleeve Boat Neck V ,18,WH-03,236,14,2026-03-01,SUP-B2
SKU-20-WH-05,DANVOUY Womens T Shirt Casual Cotton Short,20,WH-05,641,139,2026-03-09,SUP-F6
SKU-16-WH-01,Lock and Love Women's Removable Hooded Faux Leather Moto Biker Jacket,16,WH-01,484,150,2026-02-27,SUP-C3
SKU-3-WH-03,Mens Cotton Jacket,3,WH-03,771,68,2026-03-09,SUP-F6
SKU-19-WH-01,Opna Women's Short Sleeve Moisture,19,WH-01,346,78,2026-03-20,SUP-E5
SKU-9-WH-05,WD 2TB Elements Portable External Hard Drive - USB 3.0 ,9,WH-05,170,139,2026-03-26,SUP-E5
SKU-8-WH-05,Pierced Owl Rose Gold Plated Stainless Steel Double,8,WH-05,821,51,2026-03-10,SUP-E5
SKU-20-WH-01,DANVOUY Womens T Shirt Casual Cotton Short,20,WH-01,848,80,2026-03-29,SUP-B2
SKU-3-WH-05,Mens Cotton Jacket,3,WH-05,233,21,2026-03-11,SUP-D4
SKU-14-WH-02,Samsung 49-Inch CHG90 144Hz Curved Gaming Monitor (LC49HG90DMNXZA) – Super Ultrawide Screen QLED ,14,WH-02,757,53,2026-03-23,SUP-E5
SKU-19-WH-01,Opna Women's Short Sleeve Moisture,19,WH-01,133,127,2026-03-02,SUP-A1
SKU-2-WH-04,Mens Casual Premium Slim Fit T-Shirts ,2,WH-04,651,28,,SUP-F6
SKU-7-WH-02,White Gold Plated Princess,7,WH-02,950,106,2026-03-18,SUP-A1
SKU-8-WH-02,Pierced Owl Rose Gold Plated Stainless Steel Double,8,WH-02,800,125,2026-03-28,SUP-F6
SKU-4-WH-03,Mens Casual Slim Fit,4,WH-03,55,136,2026-03-20,SUP-D4
SKU-15-WH-04,BIYLACLESEN Women's 3-in-1 Snowboard Jacket Winter Coats,15,WH-04,12,131,2026-03-15,SUP-F6
SKU-5-WH-03,John Hardy Women's Legends Naga Gold & Silver Dragon Station Chain Bracelet,5,WH-03,687,112,2026-03-12,SUP-F6
SKU-15-WH-03,BIYLACLESEN Women's 3-in-1 Snowboard Jacket Winter Coats,15,WH-03,520,109,2026-03-09,SUP-A1
SKU-2-WH-03,Mens Casual Premium Slim Fit T-Shirts ,2,WH-03,519,149,2026-03-28,SUP-A1
SKU-19-WH-03,Opna Women's Short Sleeve Moisture,19,WH-03,70,88,2026-03-21,SUP-F6
SKU-15-WH-02,BIYLACLESEN Women's 3-in-1 Snowboard Jacket Winter Coats,15,WH-02,187,134,2026-03-19,SUP-C3
SKU-14-WH-01,Samsung 49-Inch CHG90 144Hz Curved Gaming Monitor (LC49HG90DMNXZA) – Super Ultrawide Screen QLED ,14,WH-01,45,51,2026-03-09,SUP-E5
SKU-1-WH-02,"Fjallraven - Foldsack No. 1 Backpack, Fits 15 Laptops",1,WH-02,143,124,2026-03-04,SUP-F6
SKU-7-WH-04,White Gold Plated Princess,7,WH-04,60,93,2026-03-07,SUP-E5
SKU-20-WH-05,DANVOUY Womens T Shirt Casual Cotton Short,20,WH-05,339,61,2026-03-20,SUP-F6
SKU-2-WH-01,Mens Casual Premium Slim Fit T-Shirts ,2,WH-01,909,43,2026-03-23,SUP-E5
SKU-1-WH-02,"Fjallraven - Foldsack No. 1 Backpack, Fits 15 Laptops",1,WH-02,579,81,2026-03-14,SUP-F6
SKU-4-WH-05,Mens Casual Slim Fit,4,WH-05,451,35,2026-03-24,SUP-A1
SKU-8-WH-03,Pierced Owl Rose Gold Plated Stainless Steel Double,8,WH-03,392,116,2026-03-13,SUP-D4
SKU-17-WH-05,Rain Jacket Women Windbreaker Striped Climbing Raincoats,17,WH-05,783,73,2026-03-05,SUP-B2
SKU-1-WH-04,"Fjallraven - Foldsack No. 1 Backpack, Fits 15 Laptops",1,WH-04,485,137,2026-03-18,SUP-F6
SKU-3-WH-02,Mens Cotton Jacket,3,WH-02,963,63,2026-03-17,SUP-B2
SKU-14-WH-02,Samsung 49-Inch CHG90 144Hz Curved Gaming Monitor (LC49HG90DMNXZA) – Super Ultrawide Screen QLED ,14,WH-02,702,114,2026-03-20,SUP-F6
SKU-4-WH-04,Mens Casual Slim Fit,4,WH-04,302,68,2026-03-26,SUP-C3
SKU-17-WH-05,Rain Jacket Women Windbreaker Striped Climbing Raincoats,17,WH-05,345,12,2026-03-21,SUP-C3
SKU-12-WH-01,WD 4TB Gaming Drive Works with Playstation 4 Portable External Hard Drive,12,WH-01,381,99,2026-03-04,SUP-D4
SKU-12-WH-02,WD 4TB Gaming Drive Works with Playstation 4 Portable External Hard Drive,12,WH-02,736,52,2026-03-24,SUP-F6
SKU-8-WH-03,Pierced Owl Rose Gold Plated Stainless Steel Double,8,WH-03,625,37,2026-03-26,SUP-F6
SKU-1-WH-02,"Fjallraven - Foldsack No. 1 Backpack, Fits 15 Laptops",1,WH-02,858,90,2026-03-10,SUP-E5
SKU-16-WH-01,Lock and Love Women's Removable Hooded Faux Leather Moto Biker Jacket,16,WH-01,-260,15,2026-03-01,SUP-C3
SKU-13-WH-02,Acer SB220Q bi 21.5 inches Full HD (1920 x 1080) IPS Ultra-Thin,13,WH-02,438,32,2026-03-20,SUP-D4
SKU-17-WH-03,Rain Jacket Women Windbreaker Striped Climbing Raincoats,17,WH-03,423,141,2026-03-11,SUP-D4
SKU-7-WH-03,White Gold Plated Princess,7,WH-03,913,26,2026-03-08,SUP-A1
SKU-18-WH-04,MBJ Women's Solid Short Sleeve Boat Neck V ,18,WH-04,565,69,2026-03-07,SUP-C3
SKU-15-WH-04,BIYLACLESEN Women's 3-in-1 Snowboard Jacket Winter Coats,15,WH-04,752,104,2026-03-22,SUP-A1
SKU-18-WH-01,MBJ Women's Solid Short Sleeve Boat Neck V ,18,WH-01,885,128,2026-03-15,SUP-C3
SKU-8-WH-03,Pierced Owl Rose Gold Plated Stainless Steel Double,8,WH-03,717,145,2026-03-21,SUP-C3
SKU-7-WH-04,White Gold Plated Princess,7,WH-04,455,89,2026-03-12,SUP-C3
SKU-8-WH-02,Pierced Owl Rose Gold Plated Stainless Steel Double,8,WH-02,136,44,2026-03-17,SUP-C3
SKU-5-WH-01,John Hardy Women's Legends Naga Gold & Silver Dragon Station Chain Bracelet,5,WH-01,928,92,2026-03-07,SUP-F6
SKU-6-WH-03,Solid Gold Petite Micropave ,6,WH-03,115,147,2026-03-07,SUP-A1
SKU-8-WH-02,Pierced Owl Rose Gold Plated Stainless Steel Double,8,WH-02,696,97,2026-03-16,SUP-C3
SKU-2-WH-02,Mens Casual Premium Slim Fit T-Shirts ,2,WH-02,687,19,2026-03-15,SUP-E5
SKU-12-WH-02,WD 4TB Gaming Drive Works with Playstation 4 Portable External Hard Drive,12,WH-02,215,47,2026-03-12,SUP-F6
SKU-20-WH-01,DANVOUY Womens T Shirt Casual Cotton Short,20,WH-01,644,60,2026-03-27,SUP-E5
SKU-2-WH-01,Mens Casual Premium Slim Fit T-Shirts ,2,WH-01,183,94,2026-02-27,SUP-A1
SKU-8-WH-05,Pierced Owl Rose Gold Plated Stainless Steel Double,8,WH-05,243,92,2026-03-18,SUP-A1
SKU-19-WH-05,Opna Women's Short Sleeve Moisture,19,WH-05,556,35,2026-03-21,SUP-D4
SKU-6-WH-03,Solid Gold Petite Micropave ,6,WH-03,586,51,2026-03-29,SUP-E5
SKU-7-WH-05,White Gold Plated Princess,7,WH-05,194,110,2026-03-07,SUP-A1
SKU-8-WH-03,Pierced Owl Rose Gold Plated Stainless Steel Double,8,WH-03,369,144,2026-03-19,SUP-D4
SKU-6-WH-02,Solid Gold Petite Micropave ,6,WH-02,174,116,2026-03-01,SUP-C3
SKU-10-WH-05,SanDisk SSD PLUS 1TB Internal SSD - SATA III 6 Gb/s,10,WH-05,130,18,2026-03-09,SUP-F6
SKU-13-WH-04,Acer SB220Q bi 21.5 inches Full HD (1920 x 1080) IPS Ultra-Thin,13,WH-04,35,16,2026-03-13,SUP-C3
SKU-12-WH-04,WD 4TB Gaming Drive Works with Playstation 4 Portable External Hard Drive,12,WH-04,996,143,2026-03-22,SUP-B2
SKU-1-WH-02,"Fjallraven - Foldsack No. 1 Backpack, Fits 15 Laptops",1,WH-02,239,29,2026-03-20,SUP-E5
SKU-16-WH-02,Lock and Love Women's Removable Hooded Faux Leather Moto Biker Jacket,16,WH-02,173,130,2026-03-27,SUP-F6
SKU-9-WH-03,WD 2TB Elements Portable External Hard Drive - USB 3.0 ,9,WH-03,465,62,2026-03-14,SUP-A1
SKU-14-WH-01,Samsung 49-Inch CHG90 144Hz Curved Gaming Monitor (LC49HG90DMNXZA) – Super Ultrawide Screen QLED ,14,WH-01,137,113,2026-02-28,SUP-E5
SKU-2-WH-05,Mens Casual Premium Slim Fit T-Shirts ,2,WH-05,406,142,2026-03-13,SUP-F6
SKU-2-WH-05,Mens Casual Premium Slim Fit T-Shirts ,2,WH-05,71,48,2026-02-28,SUP-F6
SKU-10-WH-02,SanDisk SSD PLUS 1TB Internal SSD - SATA III 6 Gb/s,10,WH-02,808,35,2026-03-25,SUP-F6
SKU-16-WH-01,Lock and Love Women's Removable Hooded Faux Leather Moto Biker Jacket,16,WH-01,425,13,2026-03-10,SUP-E5
SKU-17-WH-01,Rain Jacket Women Windbreaker Striped Climbing Raincoats,17,WH-01,580,39,2026-03-08,SUP-F6
SKU-16-WH-02,Lock and Love Women's Removable Hooded Faux Leather Moto Biker Jacket,16,WH-02,586,92,2026-03-10,SUP-E5
SKU-4-WH-02,Mens Casual Slim Fit,4,WH-02,-904,147,2026-03-24,SUP-F6
SKU-5-WH-02,John Hardy Women's Legends Naga Gold & Silver Dragon Station Chain Bracelet,5,WH-02,284,11,2026-03-01,SUP-C3
SKU-8-WH-01,Pierced Owl Rose Gold Plated Stainless Steel Double,8,WH-01,914,78,2026-03-08,SUP-C3
SKU-1-WH-04,"Fjallraven - Foldsack No. 1 Backpack, Fits 15 Laptops",1,WH-04,682,118,2026-03-29,SUP-E5
SKU-20-WH-02,DANVOUY Womens T Shirt Casual Cotton Short,20,WH-02,289,149,2026-03-08,SUP-F6
SKU-19-WH-04,Opna Women's Short Sleeve Moisture,19,WH-04,611,32,2026-02-28,SUP-B2
SKU-12-WH-01,WD 4TB Gaming Drive Works with Playstation 4 Portable External Hard Drive,12,WH-01,413,74,2026-02-28,SUP-F6
SKU-3-WH-04,Mens Cotton Jacket,3,WH-04,437,59,2026-03-23,SUP-A1
SKU-19-WH-05,Opna Women's Short Sleeve Moisture,19,WH-05,822,15,2026-03-23,SUP-E5
SKU-2-WH-01,Mens Casual Premium Slim Fit T-Shirts ,2,WH-01,196,102,2026-03-16,SUP-B2
SKU-1-WH-02,"Fjallraven - Foldsack No. 1 Backpack, Fits 15 Laptops",1,WH-02,275,125,2026-03-18,SUP-D4
SKU-15-WH-01,BIYLACLESEN Women's 3-in-1 Snowboard Jacket Winter Coats,15,WH-01,768,140,2026-03-08,SUP-B2
SKU-7-WH-04,White Gold Plated Princess,7,WH-04,405,59,2026-03-22,SUP-A1
SKU-15-WH-04,BIYLACLESEN Women's 3-in-1 Snowboard Jacket Winter Coats,15,WH-04,868,126,2026-03-08,SUP-D4
SKU-14-WH-01,Samsung 49-Inch CHG90 144Hz Curved Gaming Monitor (LC49HG90DMNXZA) – Super Ultrawide Screen QLED ,14,WH-01,274,75,2026-03-29,SUP-C3
SKU-6-WH-04,Solid Gold Petite Micropave ,6,WH-04,919,79,2026-03-05,SUP-B2
SKU-18-WH-01,MBJ Women's Solid Short Sleeve Boat Neck V ,18,WH-01,672,134,2026-03-13,SUP-F6
SKU-13-WH-05,Acer SB220Q bi 21.5 inches Full HD (1920 x 1080) IPS Ultra-Thin,13,WH-05,993,50,2026-03-09,SUP-F6
SKU-8-WH-02,Pierced Owl Rose Gold Plated Stainless Steel Double,8,WH-02,494,46,2026-03-24,SUP-D4
SKU-3-WH-03,Mens Cotton Jacket,3,WH-03,187,121,2026-03-13,SUP-F6
SKU-12-WH-05,WD 4TB Gaming Drive Works with Playstation 4 Portable External Hard Drive,12,WH-05,357,53,2026-03-11,SUP-D4
SKU-5-WH-04,John Hardy Women's Legends Naga Gold & Silver Dragon Station Chain Bracelet,5,WH-04,752,88,2026-03-07,SUP-B2
SKU-9-WH-02,WD 2TB Elements Portable External Hard Drive - USB 3.0 ,9,WH-02,831,142,2026-03-11,SUP-E5
SKU-1-WH-03,"Fjallraven - Foldsack No. 1 Backpack, Fits 15 Laptops",1,WH-03,-112,80,2026-03-04,SUP-C3
SKU-13-WH-04,Acer SB220Q bi 21.5 inches Full HD (1920 x 1080) IPS Ultra-Thin,13,WH-04,430,61,2026-03-28,SUP-F6
SKU-5-WH-05,John Hardy Women's Legends Naga Gold & Silver Dragon Station Chain Bracelet,5,WH-05,287,116,2026-03-05,SUP-F6
SKU-10-WH-04,SanDisk SSD PLUS 1TB Internal SSD - SATA III 6 Gb/s,10,WH-04,472,84,2026-02-28,SUP-D4
SKU-9-WH-02,WD 2TB Elements Portable External Hard Drive - USB 3.0 ,9,WH-02,364,32,2026-03-24,SUP-E5
SKU-8-WH-05,Pierced Owl Rose Gold Plated Stainless Steel Double,8,WH-05,882,100,2026-03-18,SUP-B2
SKU-18-WH-01,MBJ Women's Solid Short Sleeve Boat Neck V ,18,WH-01,557,110,2026-03-07,SUP-E5
SKU-1-WH-05,"Fjallraven - Foldsack No. 1 Backpack, Fits 15 Laptops",1,WH-05,16,132,2026-03-16,SUP-C3
SKU-16-WH-04,Lock and Love Women's Removable Hooded Faux Leather Moto Biker Jacket,16,WH-04,-638,55,2026-03-29,SUP-D4
SKU-7-WH-03,White Gold Plated Princess,7,WH-03,913,26,2026-03-08,SUP-A1
SKU-12-WH-03,WD 4TB Gaming Drive Works with Playstation 4 Portable External Hard Drive,12,WH-03,-236,144,2026-03-10,SUP-A1
SKU-7-WH-05,White Gold Plated Princess,7,WH-05,190,110,2026-03-07,SUP-A1
SKU-7-WH-02,White Gold Plated Princess,7,WH-02,193,128,2026-03-26,SUP-B2
SKU-1-WH-01,"Fjallraven - Foldsack No. 1 Backpack, Fits 15 Laptops",1,WH-01,445,48,2026-03-08,SUP-C3
SKU-4-WH-05,Mens Casual Slim Fit,4,WH-05,622,23,2026-03-28,SUP-C3
SKU-20-WH-01,DANVOUY Womens T Shirt Casual Cotton Short,20,WH-01,207,101,2026-03-25,SUP-F6
SKU-3-WH-04,Mens Cotton Jacket,3,WH-04,432,59,2026-03-23,SUP-A1
SKU-6-WH-05,Solid Gold Petite Micropave ,6,WH-05,892,87,2026-03-02,SUP-E5
SKU-8-WH-03,Pierced Owl Rose Gold Plated Stainless Steel Double,8,WH-03,649,33,2026-03-05,SUP-A1
SKU-5-WH-03,John Hardy Women's Legends Naga Gold & Silver Dragon Station Chain Bracelet,5,WH-03,285,67,2026-03-03,SUP-C3
SKU-8-WH-03,Pierced Owl Rose Gold Plated Stainless Steel Double,8,WH-03,626,37,2026-03-26,SUP-F6
SKU-20-WH-04,DANVOUY Womens T Shirt Casual Cotton Short,20,WH-04,632,48,2026-03-27,SUP-D4
SKU-2-WH-04,Mens Casual Premium Slim Fit T-Shirts ,2,WH-04,503,21,2026-03-05,SUP-E5
